{"min": 175251, "max": 350000, "total": 5}
{"min": 87876, "max": 175250, "total": 23}
{"min": 44188, "max": 87875, "total": 243}
{"min": 22344, "max": 44187, "total": 1080}
{"min": 16883, "max": 22343, "total": 1166}
{"min": 10057, "max": 11421, "total": 1012}
{"min": 8010, "max": 8691, "total": 1226}
{"min": 6644, "max": 7326, "total": 2586}
{"min": 7327, "max": 8009, "total": 2122}
{"min": 6303, "max": 6643, "total": 1654}
{"min": 5961, "max": 6302, "total": 2634}
{"min": 8692, "max": 10056, "total": 2181}
{"min": 11422, "max": 16882, "total": 2899}
{"min": 5620, "max": 5960, "total": 1955}
{"min": 2890, "max": 3230, "total": 2833}
{"min": 2549, "max": 2889, "total": 2201}
{"min": 5450, "max": 5619, "total": 2004}
{"min": 2208, "max": 2548, "total": 1801}
{"min": 1866, "max": 2207, "total": 1434}
{"min": 5279, "max": 5449, "total": 1480}
{"min": 500, "max": 1865, "total": 1400}
{"min": 5109, "max": 5278, "total": 1410}
{"min": 4767, "max": 4937, "total": 2137}
{"min": 4596, "max": 4766, "total": 1858}
{"min": 4938, "max": 5108, "total": 2338}
{"min": 4426, "max": 4595, "total": 2367}
{"min": 3744, "max": 3913, "total": 2229}
{"min": 3573, "max": 3743, "total": 1841}
{"min": 4255, "max": 4425, "total": 2146}
{"min": 3402, "max": 3572, "total": 1694}
{"min": 4085, "max": 4254, "total": 2189}
{"min": 3914, "max": 4084, "total": 2118}
{"min": 3231, "max": 3401, "total": 1604}
