{"min": 175251, "max": 350000, "total": 5}
{"min": 87876, "max": 175250, "total": 48}
{"min": 44188, "max": 87875, "total": 205}
{"min": 22344, "max": 44187, "total": 781}
{"min": 11422, "max": 22343, "total": 2519}
{"min": 8692, "max": 11421, "total": 2266}
{"min": 5620, "max": 5960, "total": 1272}
{"min": 3146, "max": 3230, "total": 2300}
{"min": 2805, "max": 2889, "total": 348}
{"min": 3061, "max": 3145, "total": 858}
{"min": 2720, "max": 2762, "total": 179}
{"min": 2763, "max": 2783, "total": 181}
{"min": 2784, "max": 2794, "total": 115}
{"min": 2795, "max": 2799, "total": 117}
{"min": 2803, "max": 2804, "total": 90}
{"min": 2802, "max": 2802, "total": 90}
{"min": 2635, "max": 2719, "total": 1750}
{"min": 2549, "max": 2634, "total": 2734}
{"min": 2800, "max": 2801, "total": 3000}
{"min": 5450, "max": 5619, "total": 2147}
{"min": 3019, "max": 3060, "total": 102}
{"min": 5279, "max": 5449, "total": 997}
{"min": 2976, "max": 2997, "total": 197}
{"min": 3009, "max": 3018, "total": 40}
{"min": 2890, "max": 2975, "total": 1298}
{"min": 3004, "max": 3008, "total": 38}
{"min": 3001, "max": 3003, "total": 42}
{"min": 2507, "max": 2548, "total": 229}
{"min": 2123, "max": 2165, "total": 332}
{"min": 2187, "max": 2207, "total": 2960}
{"min": 2166, "max": 2186, "total": 273}
{"min": 2037, "max": 2122, "total": 2084}
{"min": 2464, "max": 2485, "total": 244}
{"min": 2486, "max": 2496, "total": 131}
{"min": 2502, "max": 2506, "total": 105}
{"min": 2379, "max": 2463, "total": 2044}
{"min": 2497, "max": 2499, "total": 127}
{"min": 2337, "max": 2378, "total": 340}
{"min": 2016, "max": 2036, "total": 251}
{"min": 2294, "max": 2336, "total": 2888}
{"min": 2006, "max": 2015, "total": 185}
{"min": 1952, "max": 1994, "total": 530}
{"min": 2001, "max": 2005, "total": 178}
{"min": 2208, "max": 2293, "total": 662}
{"min": 1995, "max": 1997, "total": 194}
{"min": 2000, "max": 2000, "total": 3000}
{"min": 1998, "max": 1999, "total": 254}
{"min": 1866, "max": 1951, "total": 2059}
{"min": 3000, "max": 3000, "total": 3000}
{"min": 4938, "max": 5278, "total": 2989}
{"min": 4596, "max": 4937, "total": 2956}
{"min": 2998, "max": 2999, "total": 81}
{"min": 4426, "max": 4595, "total": 2711}
{"min": 1696, "max": 1780, "total": 1998}
{"min": 1824, "max": 1865, "total": 404}
{"min": 4255, "max": 4425, "total": 1662}
{"min": 1803, "max": 1823, "total": 255}
{"min": 1611, "max": 1695, "total": 851}
{"min": 1792, "max": 1797, "total": 150}
{"min": 1801, "max": 1802, "total": 177}
{"min": 1800, "max": 1800, "total": 3000}
{"min": 1568, "max": 1610, "total": 2764}
{"min": 1525, "max": 1567, "total": 515}
{"min": 1798, "max": 1799, "total": 193}
{"min": 1781, "max": 1791, "total": 178}
{"min": 4085, "max": 4254, "total": 1932}
{"min": 1269, "max": 1353, "total": 1706}
{"min": 1483, "max": 1524, "total": 2849}
{"min": 1440, "max": 1482, "total": 509}
{"min": 1183, "max": 1268, "total": 1523}
{"min": 1354, "max": 1439, "total": 1530}
{"min": 3914, "max": 4084, "total": 2638}
{"min": 842, "max": 1182, "total": 2543}
{"min": 3744, "max": 3913, "total": 2925}
{"min": 3573, "max": 3743, "total": 2516}
{"min": 500, "max": 841, "total": 588}
{"min": 7327, "max": 8691, "total": 2717}
{"min": 3402, "max": 3487, "total": 139}
{"min": 3531, "max": 3572, "total": 65}
{"min": 3510, "max": 3530, "total": 33}
{"min": 6644, "max": 7326, "total": 1960}
{"min": 6303, "max": 6643, "total": 1365}
{"min": 3488, "max": 3498, "total": 23}
{"min": 3505, "max": 3509, "total": 21}
{"min": 5961, "max": 6302, "total": 2057}
{"min": 3502, "max": 3504, "total": 19}
{"min": 3231, "max": 3401, "total": 2886}
{"min": 3501, "max": 3501, "total": 20}
{"min": 3499, "max": 3500, "total": 3000}
