{"min": 175251, "max": 350000, "total": 15}
{"min": 87876, "max": 175250, "total": 77}
{"min": 44188, "max": 87875, "total": 333}
{"min": 22344, "max": 44187, "total": 1108}
{"min": 16883, "max": 22343, "total": 979}
{"min": 8692, "max": 11421, "total": 2785}
{"min": 5620, "max": 5960, "total": 991}
{"min": 2890, "max": 3230, "total": 2497}
{"min": 2549, "max": 2889, "total": 2495}
{"min": 5279, "max": 5619, "total": 2354}
{"min": 4938, "max": 5278, "total": 2042}
{"min": 2379, "max": 2548, "total": 1791}
{"min": 2208, "max": 2378, "total": 1429}
{"min": 4596, "max": 4937, "total": 1674}
{"min": 2037, "max": 2207, "total": 1814}
{"min": 500, "max": 1182, "total": 1328}
{"min": 1525, "max": 1865, "total": 2969}
{"min": 1183, "max": 1524, "total": 2702}
{"min": 1866, "max": 2036, "total": 1675}
{"min": 4255, "max": 4595, "total": 2177}
{"min": 8010, "max": 8691, "total": 1162}
{"min": 7327, "max": 8009, "total": 2348}
{"min": 3914, "max": 4254, "total": 2350}
{"min": 6644, "max": 7326, "total": 2458}
{"min": 3573, "max": 3913, "total": 2334}
{"min": 3231, "max": 3572, "total": 2046}
{"min": 11422, "max": 16882, "total": 2599}
{"min": 6303, "max": 6643, "total": 1540}
{"min": 5961, "max": 6302, "total": 2095}
