{"url": "https://changde.lianjia.com/zufang/pg1brp27576erp55000/", "items_count": 2}
{"url": "https://changde.lianjia.com/zufang/pg1brp13863erp27575/", "items_count": 5}
{"url": "https://changde.lianjia.com/zufang/pg1brp7007erp13862/", "items_count": 12}
{"url": "https://changde.lianjia.com/zufang/pg1brp3579erp7006/", "items_count": 30}
{"url": "https://changde.lianjia.com/zufang/pg2brp3579erp7006/", "items_count": 10}
{"url": "https://changde.lianjia.com/zufang/pg1brp1865erp3578/", "items_count": 30}
{"url": "https://changde.lianjia.com/zufang/pg2brp1865erp3578/", "items_count": 30}
{"url": "https://changde.lianjia.com/zufang/pg3brp1865erp3578/", "items_count": 30}
{"url": "https://changde.lianjia.com/zufang/pg4brp1865erp3578/", "items_count": 30}
{"url": "https://changde.lianjia.com/zufang/pg5brp1865erp3578/", "items_count": 30}
{"url": "https://changde.lianjia.com/zufang/pg6brp1865erp3578/", "items_count": 30}
{"url": "https://changde.lianjia.com/zufang/pg7brp1865erp3578/", "items_count": 30}
{"url": "https://changde.lianjia.com/zufang/pg8brp1865erp3578/", "items_count": 30}
{"url": "https://changde.lianjia.com/zufang/pg9brp1865erp3578/", "items_count": 30}
{"url": "https://changde.lianjia.com/zufang/pg10brp1865erp3578/", "items_count": 30}
{"url": "https://changde.lianjia.com/zufang/pg11brp1865erp3578/", "items_count": 30}
{"url": "https://changde.lianjia.com/zufang/pg12brp1865erp3578/", "items_count": 30}
{"url": "https://changde.lianjia.com/zufang/pg13brp1865erp3578/", "items_count": 30}
{"url": "https://changde.lianjia.com/zufang/pg14brp1865erp3578/", "items_count": 30}
{"url": "https://changde.lianjia.com/zufang/pg15brp1865erp3578/", "items_count": 30}
{"url": "https://changde.lianjia.com/zufang/pg16brp1865erp3578/", "items_count": 30}
{"url": "https://changde.lianjia.com/zufang/pg17brp1865erp3578/", "items_count": 30}
{"url": "https://changde.lianjia.com/zufang/pg18brp1865erp3578/", "items_count": 30}
{"url": "https://changde.lianjia.com/zufang/pg19brp1865erp3578/", "items_count": 30}
{"url": "https://changde.lianjia.com/zufang/pg20brp1865erp3578/", "items_count": 30}
{"url": "https://changde.lianjia.com/zufang/pg21brp1865erp3578/", "items_count": 30}
{"url": "https://changde.lianjia.com/zufang/pg22brp1865erp3578/", "items_count": 30}
{"url": "https://changde.lianjia.com/zufang/pg23brp1865erp3578/", "items_count": 30}
{"url": "https://changde.lianjia.com/zufang/pg24brp1865erp3578/", "items_count": 30}
{"url": "https://changde.lianjia.com/zufang/pg25brp1865erp3578/", "items_count": 30}
{"url": "https://changde.lianjia.com/zufang/pg26brp1865erp3578/", "items_count": 30}
{"url": "https://changde.lianjia.com/zufang/pg27brp1865erp3578/", "items_count": 30}
{"url": "https://changde.lianjia.com/zufang/pg28brp1865erp3578/", "items_count": 30}
{"url": "https://changde.lianjia.com/zufang/pg29brp1865erp3578/", "items_count": 30}
{"url": "https://changde.lianjia.com/zufang/pg30brp1865erp3578/", "items_count": 30}
{"url": "https://changde.lianjia.com/zufang/pg31brp1865erp3578/", "items_count": 30}
{"url": "https://changde.lianjia.com/zufang/pg32brp1865erp3578/", "items_count": 30}
{"url": "https://changde.lianjia.com/zufang/pg33brp1865erp3578/", "items_count": 16}
{"url": "https://changde.lianjia.com/zufang/pg1brp1008erp1864/", "items_count": 30}
{"url": "https://changde.lianjia.com/zufang/pg2brp1008erp1864/", "items_count": 30}
{"url": "https://changde.lianjia.com/zufang/pg3brp1008erp1864/", "items_count": 30}
{"url": "https://changde.lianjia.com/zufang/pg4brp1008erp1864/", "items_count": 30}
{"url": "https://changde.lianjia.com/zufang/pg5brp1008erp1864/", "items_count": 30}
{"url": "https://changde.lianjia.com/zufang/pg6brp1008erp1864/", "items_count": 30}
{"url": "https://changde.lianjia.com/zufang/pg7brp1008erp1864/", "items_count": 30}
{"url": "https://changde.lianjia.com/zufang/pg8brp1008erp1864/", "items_count": 30}
{"url": "https://changde.lianjia.com/zufang/pg9brp1008erp1864/", "items_count": 30}
{"url": "https://changde.lianjia.com/zufang/pg10brp1008erp1864/", "items_count": 30}
{"url": "https://changde.lianjia.com/zufang/pg11brp1008erp1864/", "items_count": 30}
{"url": "https://changde.lianjia.com/zufang/pg12brp1008erp1864/", "items_count": 30}
{"url": "https://changde.lianjia.com/zufang/pg13brp1008erp1864/", "items_count": 30}
{"url": "https://changde.lianjia.com/zufang/pg14brp1008erp1864/", "items_count": 30}
{"url": "https://changde.lianjia.com/zufang/pg15brp1008erp1864/", "items_count": 30}
{"url": "https://changde.lianjia.com/zufang/pg16brp1008erp1864/", "items_count": 30}
{"url": "https://changde.lianjia.com/zufang/pg17brp1008erp1864/", "items_count": 30}
{"url": "https://changde.lianjia.com/zufang/pg18brp1008erp1864/", "items_count": 30}
{"url": "https://changde.lianjia.com/zufang/pg19brp1008erp1864/", "items_count": 30}
{"url": "https://changde.lianjia.com/zufang/pg20brp1008erp1864/", "items_count": 30}
{"url": "https://changde.lianjia.com/zufang/pg21brp1008erp1864/", "items_count": 30}
{"url": "https://changde.lianjia.com/zufang/pg22brp1008erp1864/", "items_count": 30}
{"url": "https://changde.lianjia.com/zufang/pg23brp1008erp1864/", "items_count": 30}
{"url": "https://changde.lianjia.com/zufang/pg24brp1008erp1864/", "items_count": 30}
{"url": "https://changde.lianjia.com/zufang/pg25brp1008erp1864/", "items_count": 30}
{"url": "https://changde.lianjia.com/zufang/pg26brp1008erp1864/", "items_count": 30}
{"url": "https://changde.lianjia.com/zufang/pg27brp1008erp1864/", "items_count": 30}
{"url": "https://changde.lianjia.com/zufang/pg28brp1008erp1864/", "items_count": 30}
{"url": "https://changde.lianjia.com/zufang/pg29brp1008erp1864/", "items_count": 30}
{"url": "https://changde.lianjia.com/zufang/pg30brp1008erp1864/", "items_count": 30}
{"url": "https://changde.lianjia.com/zufang/pg31brp1008erp1864/", "items_count": 30}
{"url": "https://changde.lianjia.com/zufang/pg32brp1008erp1864/", "items_count": 30}
{"url": "https://changde.lianjia.com/zufang/pg33brp1008erp1864/", "items_count": 30}
{"url": "https://changde.lianjia.com/zufang/pg34brp1008erp1864/", "items_count": 30}
{"url": "https://changde.lianjia.com/zufang/pg35brp1008erp1864/", "items_count": 30}
{"url": "https://changde.lianjia.com/zufang/pg36brp1008erp1864/", "items_count": 30}
{"url": "https://changde.lianjia.com/zufang/pg37brp1008erp1864/", "items_count": 30}
{"url": "https://changde.lianjia.com/zufang/pg38brp1008erp1864/", "items_count": 30}
{"url": "https://changde.lianjia.com/zufang/pg39brp1008erp1864/", "items_count": 30}
{"url": "https://changde.lianjia.com/zufang/pg40brp1008erp1864/", "items_count": 30}
{"url": "https://changde.lianjia.com/zufang/pg41brp1008erp1864/", "items_count": 30}
{"url": "https://changde.lianjia.com/zufang/pg42brp1008erp1864/", "items_count": 30}
{"url": "https://changde.lianjia.com/zufang/pg43brp1008erp1864/", "items_count": 30}
{"url": "https://changde.lianjia.com/zufang/pg44brp1008erp1864/", "items_count": 30}
{"url": "https://changde.lianjia.com/zufang/pg45brp1008erp1864/", "items_count": 30}
{"url": "https://changde.lianjia.com/zufang/pg46brp1008erp1864/", "items_count": 30}
{"url": "https://changde.lianjia.com/zufang/pg47brp1008erp1864/", "items_count": 30}
{"url": "https://changde.lianjia.com/zufang/pg48brp1008erp1864/", "items_count": 30}
{"url": "https://changde.lianjia.com/zufang/pg49brp1008erp1864/", "items_count": 30}
{"url": "https://changde.lianjia.com/zufang/pg50brp1008erp1864/", "items_count": 30}
{"url": "https://changde.lianjia.com/zufang/pg51brp1008erp1864/", "items_count": 30}
{"url": "https://changde.lianjia.com/zufang/pg52brp1008erp1864/", "items_count": 30}
{"url": "https://changde.lianjia.com/zufang/pg53brp1008erp1864/", "items_count": 30}
{"url": "https://changde.lianjia.com/zufang/pg54brp1008erp1864/", "items_count": 30}
{"url": "https://changde.lianjia.com/zufang/pg55brp1008erp1864/", "items_count": 30}
{"url": "https://changde.lianjia.com/zufang/pg56brp1008erp1864/", "items_count": 30}
{"url": "https://changde.lianjia.com/zufang/pg57brp1008erp1864/", "items_count": 30}
{"url": "https://changde.lianjia.com/zufang/pg58brp1008erp1864/", "items_count": 30}
{"url": "https://changde.lianjia.com/zufang/pg59brp1008erp1864/", "items_count": 30}
{"url": "https://changde.lianjia.com/zufang/pg60brp1008erp1864/", "items_count": 30}
{"url": "https://changde.lianjia.com/zufang/pg61brp1008erp1864/", "items_count": 30}
{"url": "https://changde.lianjia.com/zufang/pg62brp1008erp1864/", "items_count": 30}
{"url": "https://changde.lianjia.com/zufang/pg63brp1008erp1864/", "items_count": 30}
{"url": "https://changde.lianjia.com/zufang/pg64brp1008erp1864/", "items_count": 30}
{"url": "https://changde.lianjia.com/zufang/pg65brp1008erp1864/", "items_count": 30}
{"url": "https://changde.lianjia.com/zufang/pg66brp1008erp1864/", "items_count": 30}
{"url": "https://changde.lianjia.com/zufang/pg67brp1008erp1864/", "items_count": 30}
{"url": "https://changde.lianjia.com/zufang/pg68brp1008erp1864/", "items_count": 30}
{"url": "https://changde.lianjia.com/zufang/pg69brp1008erp1864/", "items_count": 30}
{"url": "https://changde.lianjia.com/zufang/pg70brp1008erp1864/", "items_count": 30}
{"url": "https://changde.lianjia.com/zufang/pg71brp1008erp1864/", "items_count": 30}
{"url": "https://changde.lianjia.com/zufang/pg72brp1008erp1864/", "items_count": 30}
{"url": "https://changde.lianjia.com/zufang/pg73brp1008erp1864/", "items_count": 30}
{"url": "https://changde.lianjia.com/zufang/pg74brp1008erp1864/", "items_count": 30}
{"url": "https://changde.lianjia.com/zufang/pg75brp1008erp1864/", "items_count": 30}
{"url": "https://changde.lianjia.com/zufang/pg76brp1008erp1864/", "items_count": 30}
{"url": "https://changde.lianjia.com/zufang/pg77brp1008erp1864/", "items_count": 30}
{"url": "https://changde.lianjia.com/zufang/pg78brp1008erp1864/", "items_count": 30}
{"url": "https://changde.lianjia.com/zufang/pg79brp1008erp1864/", "items_count": 30}
{"url": "https://changde.lianjia.com/zufang/pg80brp1008erp1864/", "items_count": 20}
{"url": "https://changde.lianjia.com/zufang/pg1brp150erp1007/", "items_count": 30}
{"url": "https://changde.lianjia.com/zufang/pg2brp150erp1007/", "items_count": 30}
{"url": "https://changde.lianjia.com/zufang/pg3brp150erp1007/", "items_count": 30}
{"url": "https://changde.lianjia.com/zufang/pg4brp150erp1007/", "items_count": 30}
{"url": "https://changde.lianjia.com/zufang/pg5brp150erp1007/", "items_count": 30}
{"url": "https://changde.lianjia.com/zufang/pg6brp150erp1007/", "items_count": 30}
{"url": "https://changde.lianjia.com/zufang/pg7brp150erp1007/", "items_count": 30}
{"url": "https://changde.lianjia.com/zufang/pg8brp150erp1007/", "items_count": 30}
{"url": "https://changde.lianjia.com/zufang/pg9brp150erp1007/", "items_count": 30}
{"url": "https://changde.lianjia.com/zufang/pg10brp150erp1007/", "items_count": 30}
{"url": "https://changde.lianjia.com/zufang/pg11brp150erp1007/", "items_count": 30}
{"url": "https://changde.lianjia.com/zufang/pg12brp150erp1007/", "items_count": 30}
{"url": "https://changde.lianjia.com/zufang/pg13brp150erp1007/", "items_count": 30}
{"url": "https://changde.lianjia.com/zufang/pg14brp150erp1007/", "items_count": 30}
{"url": "https://changde.lianjia.com/zufang/pg15brp150erp1007/", "items_count": 30}
{"url": "https://changde.lianjia.com/zufang/pg16brp150erp1007/", "items_count": 30}
{"url": "https://changde.lianjia.com/zufang/pg17brp150erp1007/", "items_count": 30}
{"url": "https://changde.lianjia.com/zufang/pg18brp150erp1007/", "items_count": 30}
{"url": "https://changde.lianjia.com/zufang/pg19brp150erp1007/", "items_count": 30}
{"url": "https://changde.lianjia.com/zufang/pg20brp150erp1007/", "items_count": 30}
{"url": "https://changde.lianjia.com/zufang/pg21brp150erp1007/", "items_count": 30}
{"url": "https://changde.lianjia.com/zufang/pg22brp150erp1007/", "items_count": 30}
{"url": "https://changde.lianjia.com/zufang/pg23brp150erp1007/", "items_count": 30}
{"url": "https://changde.lianjia.com/zufang/pg24brp150erp1007/", "items_count": 30}
{"url": "https://changde.lianjia.com/zufang/pg25brp150erp1007/", "items_count": 30}
{"url": "https://changde.lianjia.com/zufang/pg26brp150erp1007/", "items_count": 30}
{"url": "https://changde.lianjia.com/zufang/pg27brp150erp1007/", "items_count": 30}
{"url": "https://changde.lianjia.com/zufang/pg28brp150erp1007/", "items_count": 30}
{"url": "https://changde.lianjia.com/zufang/pg29brp150erp1007/", "items_count": 30}
{"url": "https://changde.lianjia.com/zufang/pg30brp150erp1007/", "items_count": 30}
{"url": "https://changde.lianjia.com/zufang/pg31brp150erp1007/", "items_count": 30}
{"url": "https://changde.lianjia.com/zufang/pg32brp150erp1007/", "items_count": 30}
{"url": "https://changde.lianjia.com/zufang/pg33brp150erp1007/", "items_count": 30}
{"url": "https://changde.lianjia.com/zufang/pg34brp150erp1007/", "items_count": 30}
{"url": "https://changde.lianjia.com/zufang/pg35brp150erp1007/", "items_count": 30}
{"url": "https://changde.lianjia.com/zufang/pg36brp150erp1007/", "items_count": 30}
{"url": "https://changde.lianjia.com/zufang/pg37brp150erp1007/", "items_count": 30}
{"url": "https://changde.lianjia.com/zufang/pg38brp150erp1007/", "items_count": 30}
{"url": "https://changde.lianjia.com/zufang/pg39brp150erp1007/", "items_count": 30}
{"url": "https://changde.lianjia.com/zufang/pg40brp150erp1007/", "items_count": 30}
{"url": "https://changde.lianjia.com/zufang/pg41brp150erp1007/", "items_count": 30}
{"url": "https://changde.lianjia.com/zufang/pg42brp150erp1007/", "items_count": 30}
{"url": "https://changde.lianjia.com/zufang/pg43brp150erp1007/", "items_count": 30}
{"url": "https://changde.lianjia.com/zufang/pg44brp150erp1007/", "items_count": 0}
