{"min": 420251, "max": 840000, "total": 4}
{"min": 210376, "max": 420250, "total": 6}
{"min": 105438, "max": 210375, "total": 56}
{"min": 52969, "max": 105437, "total": 336}
{"min": 26735, "max": 52968, "total": 1655}
{"min": 20177, "max": 26734, "total": 1297}
{"min": 11979, "max": 13617, "total": 1998}
{"min": 9519, "max": 10338, "total": 1433}
{"min": 8289, "max": 8698, "total": 1807}
{"min": 7059, "max": 7468, "total": 2394}
{"min": 7674, "max": 7878, "total": 1074}
{"min": 7469, "max": 7673, "total": 1949}
{"min": 7879, "max": 8288, "total": 2111}
{"min": 8699, "max": 9518, "total": 2736}
{"min": 10339, "max": 11978, "total": 1957}
{"min": 16898, "max": 20176, "total": 1338}
{"min": 6855, "max": 7058, "total": 2130}
{"min": 3575, "max": 3779, "total": 1847}
{"min": 3370, "max": 3574, "total": 2150}
{"min": 6650, "max": 6854, "total": 1857}
{"min": 3165, "max": 3369, "total": 1983}
{"min": 6445, "max": 6649, "total": 2747}
{"min": 6240, "max": 6444, "total": 1846}
{"min": 2960, "max": 3164, "total": 2023}
{"min": 2550, "max": 2959, "total": 2593}
{"min": 6035, "max": 6239, "total": 1796}
{"min": 5625, "max": 5829, "total": 2322}
{"min": 5830, "max": 6034, "total": 2975}
{"min": 5523, "max": 5624, "total": 1202}
{"min": 5420, "max": 5522, "total": 2282}
{"min": 2140, "max": 2549, "total": 1864}
{"min": 500, "max": 2139, "total": 1997}
{"min": 13618, "max": 16897, "total": 2023}
{"min": 5215, "max": 5419, "total": 2121}
{"min": 4395, "max": 4599, "total": 2670}
{"min": 4190, "max": 4394, "total": 2724}
{"min": 5010, "max": 5214, "total": 2285}
{"min": 3985, "max": 4189, "total": 2473}
{"min": 4908, "max": 5009, "total": 2288}
{"min": 4703, "max": 4804, "total": 1592}
{"min": 4600, "max": 4702, "total": 1890}
{"min": 4805, "max": 4907, "total": 800}
{"min": 3780, "max": 3984, "total": 2014}
